id,book,date_added
1,3518309677,2020-08-27
2,3518288696,2020-08-27
3,3518284735,2020-08-27
4,3515176039,2020-08-25
5,3515175718,2020-08-25
6,3515173366,2020-08-25
7,3515173033,2020-08-25
8,3515172782,2020-08-25
9,3515172501,2020-08-25
10,3515172242,2020-08-25
11,3515172033,2020-08-25
12,3515171846,2020-08-25
13,3515171623,2020-08-25
14,3515171114,2020-08-25
15,3515170089,2020-08-25
16,3515169837,2020-08-25
17,3515169619,2020-08-25
18,3515169314,2020-08-25
19,3515169111,2020-08-25
20,3515168875,2020-08-25
21,3515168477,2020-08-25
22,3515167927,2020-08-25
23,3515167487,2020-08-25
24,3515167261,2020-08-25
25,3515167003,2020-08-25
26,3515166541,2020-08-25
27,3515166203,2020-08-25
28,3515165947,2020-08-25
29,3515165610,2020-08-25
30,3515165300,2020-08-25
31,3515164967,2020-08-25
32,3515163368,2020-08-25
33,3515163069,2020-08-25
34,3515162804,2020-08-25
35,3515162278,2020-08-25
36,3515161937,2020-08-25
37,3515161743,2020-08-25
38,3515161248,2020-08-25
39,3515161011,2020-08-25
40,3515160341,2020-08-25
41,3515160158,2020-08-25
42,3515159701,2020-08-25
43,3515159329,2020-08-25
44,3515159094,2020-08-25
45,3515158866,2020-08-25
46,3515158382,2020-08-25
47,3515158091,2020-08-25
48,3515157732,2020-08-25
49,3515157401,2020-08-25
50,3515156985,2020-08-25
51,3515156581,2020-08-25
52,3515156236,2020-08-25
53,3515153002,2020-08-25
54,3515152405,2020-08-25
55,3515152154,2020-08-25
56,3515151950,2020-08-25
57,3515151771,2020-08-25
58,3515151006,2020-08-25
59,3515150768,2020-08-25
60,3515150445,2020-08-25
61,3515150191,2020-08-25
62,3515149764,2020-08-25
63,3515149002,2020-08-25
64,3515148739,2020-08-25
65,3515148528,2020-08-25
66,3515148335,2020-08-25
67,3515146770,2020-08-25
68,3515146014,2020-08-25
69,3515145689,2020-08-25
70,3515144860,2020-08-25
71,3515143588,2020-08-25
72,3515143212,2020-08-25
73,3515143015,2020-08-25
74,3515142582,2020-08-25
75,3515142343,2020-08-25
76,3515142061,2020-08-25
77,3515141891,2020-08-25
78,3515141610,2020-08-25
79,3515141304,2020-08-25
80,3515140866,2020-08-25
81,3515139862,2020-08-25
82,3515139698,2020-08-25
83,3515139367,2020-08-25
84,3515139004,2020-08-25
85,3515138111,2020-08-25
86,3515137825,2020-08-25
87,3515137681,2020-08-25
88,3515137533,2020-08-25
89,3515137241,2020-08-25
90,3515136903,2020-08-25
91,3515136692,2020-08-25
92,3515136517,2020-08-25
93,3515136307,2020-08-25
94,3515135732,2020-08-25
95,3515135263,2020-08-25
96,3515134889,2020-08-25
97,3515134650,2020-08-25
98,3515134409,2020-08-25
99,3515134195,2020-08-25
100,3515133918,2020-08-25
101,3515133661,2020-08-25
102,3515133229,2020-08-25
103,3515132820,2020-08-25
104,3515132574,2020-08-25
105,3515132396,2020-08-25
106,3515132145,2020-08-25
107,3515132047,2020-08-25
108,3515131668,2020-08-25
109,3515131354,2020-08-25
110,3515131136,2020-08-25
111,3515130834,2020-08-25
112,3515129945,2020-08-25
113,3515129707,2020-08-25
114,3515129314,2020-08-25
115,3515129053,2020-08-25
116,3515128795,2020-08-25
117,3515128581,2020-08-25
118,3515125214,2020-08-25
119,3515124987,2020-08-25
120,3515124737,2020-08-25
121,3515124458,2020-08-25
122,3515123945,2020-08-25
123,3515123588,2020-08-25
124,3515123217,2020-08-25
125,3515123191,2020-08-25
126,3515122900,2020-08-25
127,3515122395,2020-08-25
128,3515121922,2020-08-25
129,3515121494,2020-08-25
130,3515121469,2020-08-25
131,3515121359,2020-08-25
132,3515121080,2020-08-25
133,3515120683,2020-08-25
134,3515120526,2020-08-25
135,3515120355,2020-08-25
136,3515119992,2020-08-25
137,3515119702,2020-08-25
138,3515119477,2020-08-25
139,3515118218,2020-08-25
140,3515118183,2020-08-25
141,3515117505,2020-08-25
142,3515116622,2020-08-25
143,3515116137,2020-08-25
144,3515115878,2020-08-25
145,3515115267,2020-08-25
146,3515115000,2020-08-25
147,3515114813,2020-08-25
148,3515114614,2020-08-25
149,3515114420,2020-08-25
150,3515114239,2020-08-25
151,3515114075,2020-08-25
152,3515113752,2020-08-25
153,3515113553,2020-08-25
154,3515113237,2020-08-25
155,3515113014,2020-08-25
156,3515112688,2020-08-25
157,3515112494,2020-08-25
158,3515111587,2020-08-25
159,3515111389,2020-08-25
160,3515111137,2020-08-25
161,3515110786,2020-08-25
162,3515110418,2020-08-25
163,3515110197,2020-08-25
164,3515110056,2020-08-25
165,3515109696,2020-08-25
166,3515109228,2020-08-25
167,3515109043,2020-08-25
168,3515108481,2020-08-25
169,3515107122,2020-08-25
170,3515106857,2020-08-25
171,3515106508,2020-08-25
172,3515106207,2020-08-25
173,3515105337,2020-08-25
174,3515105081,2020-08-25
175,3515104761,2020-08-25
176,3515104485,2020-08-25
177,3515104090,2020-08-25
178,3515103878,2020-08-25
179,3515103686,2020-08-25
180,3515103497,2020-08-25
181,3515103104,2020-08-25
182,3515102792,2020-08-25
183,3515102495,2020-08-25
184,3515092109,2020-08-25
185,3515090946,2020-08-25
186,3515090864,2020-08-25
187,1352763950,2015-08-02
